# | | C A | | U x _ i n | | U y _ i n | | U z _ i n | | U x _ e x | | U y _ e x | | U z _ e x
0.5 -0.0 -0.0 0.0 0.0 -0.0 0.0
1.5 -0.0 -0.0 0.0 0.0 -0.0 0.0
2.5 -0.0 -0.0 0.0 0.0 -0.0 0.0
3.5 -0.0 -0.0 0.0 0.0 -0.0 0.0
4.5 -0.0 -0.0 0.0 0.0 -0.0 0.0
5.5 -0.0 -0.0 0.0 0.0 -0.0 0.0
6.5 -0.0 -0.0 0.0 0.0 -0.0 0.0
7.5 -0.0 -0.0 0.0 0.0 -0.0 0.0
8.5 -0.0 -0.0 0.0 0.0 -0.0 0.0
9.5 -0.0 -0.0 0.0 0.0 -0.0 0.0
10.5 -0.0 -0.0 0.0 0.0 -0.0 0.0
11.5 -0.0 -0.0 0.0 0.0 -0.0 0.0
12.5 -0.0 -0.0 0.0 0.0 -0.0 0.0
13.5 -0.0 -0.0 0.0 0.0 -0.0 0.0
14.5 -0.0 -0.0 0.0 0.0 -0.0 0.0
15.5 -0.0 -0.0 0.0 0.0 -0.0 0.0
16.5 -0.0 -0.0 0.0 0.0 -0.0 0.0
17.5 -0.0 -0.0 0.0 0.0 -0.0 0.0
18.5 -0.0 -0.0 0.0 0.0 -0.0 0.0
19.5 -0.0 -0.0 0.0 0.0 -0.0 0.0
20.5 -0.0 -0.0 0.0 0.0 -0.0 0.0
21.5 -0.0 -0.0 0.0 0.0 -0.0 0.0
22.5 -0.0 -0.0 0.0 0.0 -0.0 0.0
23.5 -0.0 -0.0 0.0 0.0 -0.0 0.0
24.5 -0.0 -0.0 0.0 0.0 -0.0 0.0
25.5 -0.0 -0.0 0.0 0.0 -0.0 0.0
26.5 -0.0 -0.0 0.0 0.0 -0.0 0.0
27.5 -0.0 -0.0 0.0 0.0 -0.0 0.0
28.5 -0.0 -0.0 0.0 0.0 -0.0 0.0
29.5 -0.0 -0.0 0.0 0.0 -0.0 0.0
30.5 -0.0 -0.0 0.0 0.0 -0.0 0.0
31.5 -0.0 -0.0 0.0 0.0 -0.0 0.0
32.5 -0.0 -0.0 0.0 0.0 -0.0 0.0
33.5 -0.0 -0.0 0.0 0.0 -0.0 0.0
34.5 -0.0 -0.0 0.0 0.0 -0.0 0.0
35.5 -0.0 -0.0 0.0 0.0 -0.0 0.0
36.5 -0.0 -0.0 0.0 0.0 -0.0 0.0
37.5 -0.0 -0.0 0.0 0.0 -0.0 0.0
38.5 -0.0 -0.0 0.0 0.0 -0.0 0.0
39.5 -0.0 -0.0 0.0 0.0 -0.0 0.0
40.5 -0.0 -0.0 0.0 0.0 -0.0 0.0
41.5 -0.0 -0.0 0.0 0.0 -0.0 0.0
42.5 -0.0 -0.0 0.0 0.0 -0.0 0.0
43.5 -0.0 -0.0 0.0 0.0 -0.0 0.0
44.5 -0.0 -0.0 0.0 0.0 -0.0 0.0
45.5 -0.0 -0.0 0.0 0.0 -0.0 0.0
46.5 -0.0 -0.0 0.0 0.0 -0.0 0.0
47.5 -0.0 -0.0 0.0 0.0 -0.0 0.0
48.5 -0.0 -0.0 0.0 0.0 -0.0 0.0
49.5 -0.0 -0.0 0.0 0.0 -0.0 0.0
50.5 -0.0 -0.0 0.0 0.0 -0.0 0.0
51.5 -0.0 -0.0 0.0 0.0 -0.0 0.0
52.5 -0.0 -0.0 0.0 0.0 -0.0 0.0
53.5 -0.0 -0.0 0.0 0.0 -0.0 0.0
54.5 -0.0 -0.0 0.0 0.0 -0.0 0.0
55.5 -0.0 -0.0 0.0 0.0 -0.0 0.0
56.5 -0.0 -0.0 0.0 0.0 -0.0 0.0
57.5 -0.0 -0.0 0.0 0.0 -0.0 0.0
58.5 -0.0 -0.0 0.0 0.0 -0.0 0.0
59.5 -0.0 -0.0 0.0 0.0 -0.0 0.0
60.5 -0.0 -0.0 0.0 0.0 -0.0 0.0
61.5 -0.0 -0.0 0.0 0.0 -0.0 0.0
62.5 -0.0 -0.0 0.0 0.0 -0.0 0.0
63.5 -0.0 -0.0 0.0 0.0 -0.0 0.0
64.5 -0.0 -0.0 0.0 0.0 -0.0 0.0
65.5 -0.0 -0.0 0.0 0.0 -0.0 0.0
66.5 -0.0 -0.0 0.0 0.0 -0.0 0.0
67.5 -0.0 -0.0 0.0 0.0 -0.0 0.0
68.5 -0.0 -0.0 0.0 0.0 -0.0 0.0
69.5 -0.0 -0.0 0.0 0.0 -0.0 0.0
70.5 -0.0 -0.0 0.0 0.0 -0.0 0.0
71.5 -0.0 -0.0 0.0 0.0 -0.0 0.0
72.5 -0.0 -0.0 0.0 0.0 -0.0 0.0
73.5 -0.0 -0.0 0.0 0.0 -0.0 0.0
74.5 -0.0 -0.0 0.0 0.0 -0.0 0.0
75.5 -0.0 -0.0 0.0 0.0 -0.0 0.0
76.5 -0.0 -0.0 0.0 0.0 -0.0 0.0
77.5 -0.0 -0.0 0.0 0.0 -0.0 0.0
78.5 -0.0 -0.0 0.0 0.0 -0.0 0.0
79.5 -0.0 -0.0 0.0 0.0 -0.0 0.0
80.5 -0.0 -0.0 0.0 0.0 -0.0 0.0
81.5 -0.0 -0.0 0.0 0.0 -0.0 0.0
82.5 -0.0 -0.0 0.0 0.0 -0.0 0.0
83.5 -0.0 -0.0 0.0 0.0 -0.0 0.0
84.5 -0.0 -0.0 0.0 0.0 -0.0 0.0
85.5 -0.0 -0.0 0.0 0.0 -0.0 0.0
86.5 -0.0 -0.0 0.0 0.0 -0.0 0.0
87.5 -0.0 -0.0 0.0 0.0 -0.0 0.0
88.5 -0.0 -0.0 0.0 0.0 -0.0 0.0
89.5 -0.0 -0.0 0.0 0.0 -0.0 0.0
90.5 -0.0 -0.0 0.0 0.0 -0.0 0.0
91.5 -0.0 -0.0 0.0 0.0 -0.0 0.0
92.5 -0.0 -0.0 0.0 0.0 -0.0 0.0
93.5 -0.0 -0.0 0.0 0.0 -0.0 0.0
94.5 -0.0 -0.0 0.0 0.0 -0.0 0.0
95.5 -0.0 -0.0 0.0 0.0 -0.0 0.0
96.5 -0.0 -0.0 0.0 0.0 -0.0 0.0
97.5 -0.0 -0.0 0.0 0.0 -0.0 0.0
98.5 -0.0 -0.0 0.0 0.0 -0.0 0.0
99.5 -0.0 -0.0 0.0 0.0 -0.0 0.0
100.5 -0.0 -0.0 0.0 0.0 -0.0 0.0
101.5 -0.0 -0.0 0.0 0.0 -0.0 0.0
102.5 -0.0 -0.0 0.0 0.0 -0.0 0.0
103.5 -0.0 -0.0 0.0 0.0 -0.0 0.0
104.5 -0.0 -0.0 0.0 0.0 -0.0 0.0
105.5 -0.0 -0.0 0.0 0.0 -0.0 0.0
106.5 -0.0 -0.0 0.0 0.0 -0.0 0.0
107.5 -0.0 -0.0 0.0 0.0 -0.0 0.0
108.5 -0.0 -0.0 0.0 0.0 -0.0 0.0
109.5 -0.0 -0.0 0.0 0.0 -0.0 0.0
110.5 -0.0 -0.0 0.0 0.0 -0.0 0.0
111.5 -0.0 -0.0 0.0 0.0 -0.0 0.0
112.5 -0.0 -0.0 0.0 0.0 -0.0 0.0
113.5 -0.0 -0.0 0.0 0.0 -0.0 0.0
114.5 -0.0 -0.0 0.0 0.0 -0.0 0.0
115.5 -0.0 -0.0 0.0 0.0 -0.0 0.0
116.5 -0.0 -0.0 0.0 0.0 -0.0 0.0
117.5 -0.0 -0.0 0.0 0.0 -0.0 0.0
118.5 -0.0 -0.0 0.0 0.009508910889165742 -0.020391925208324627 0.0
119.5 -0.0 -0.0 0.0 0.009508910889165742 -0.020391925208324627 0.0
120.5 -0.0 -0.0 0.0 0.0 -0.0 0.0
121.5 -0.0 -0.0 0.0 0.0 -0.0 0.0
122.5 -0.0 -0.0 0.0 0.019017821778331483 -0.04078385041664925 0.0
123.5 -0.0 -0.0 0.0 0.019017821778331476 -0.040783850416649246 0.0
124.5 -0.0 -0.0 0.0 0.009508910889165749 -0.02039192520832464 0.0
125.5 -0.0 -0.0 0.0 0.009508910889165735 -0.020391925208324616 0.0
126.5 -0.0 -0.0 0.0 0.019017821778331487 -0.04078385041664925 0.0
127.5 -0.0 -0.0 0.0 0.01901782177833147 -0.04078385041664923 0.0
128.5 -0.0 -0.0 0.0 0.028526732667497223 -0.061175775624973866 0.0
129.5 -0.0 -0.0 0.0 0.028526732667497223 -0.061175775624973866 0.0
130.5 -0.0 -0.0 0.0 0.04754455444582872 -0.10195962604162316 0.0
131.5 -0.0 -0.0 0.0 0.04754455444582872 -0.10195962604162316 0.0
132.5 -0.0 -0.0 0.0 0.04754455444582869 -0.10195962604162309 0.0
133.5 -0.0 -0.0 0.0 0.04754455444582869 -0.10195962604162309 0.0
134.5 -0.0 -0.0 0.0 0.07607128711332595 -0.163135401666597 0.0
135.5 -0.0 -0.0 0.0 0.07607128711332595 -0.163135401666597 0.0
136.5 -0.0 -0.0 0.0 0.09508910889165738 -0.20391925208324618 0.0
137.5 -0.0 -0.0 0.0 0.09508910889165738 -0.20391925208324618 0.0
138.5 -0.0 -0.0 0.0 0.12361584155915463 -0.2650950277082201 0.0
139.5 -0.0 -0.0 0.0 0.12361584155915463 -0.2650950277082201 0.0
140.5 -0.0 -0.0 0.0 0.15214257422665176 -0.32627080333319386 0.0
141.5 -0.0 -0.0 0.0 0.15214257422665198 -0.32627080333319425 0.0
142.5 -0.0 -0.0 0.0 0.17116039600498328 -0.3670546537498431 0.0
143.5 -0.0 -0.0 0.0 0.17116039600498328 -0.3670546537498431 0.0
144.5 -0.0 -0.0 0.0 0.19017821778331476 -0.40783850416649237 0.0
145.5 -0.0 -0.0 0.0 0.190178217783315 -0.40783850416649287 0.0
146.5 -0.0 -0.0 0.0 0.20919603956164606 -0.44862235458314115 0.0
147.5 -0.0 -0.0 0.0 0.20919603956164648 -0.44862235458314215 0.0
148.5 -0.0 -0.0 0.0 0.22821386133997756 -0.4894062049997905 0.0
149.5 -0.0 -0.0 0.0 0.22821386133997798 -0.4894062049997914 0.0
150.5 -0.0 -0.0 0.0 0.23772277222914354 -0.5097981302081156 0.0
151.5 -0.0 -0.0 0.0 0.23772277222914354 -0.5097981302081156 0.0
152.5 -0.0 -0.0 0.0 0.24723168311830906 -0.5301900554164397 0.0
153.5 -0.0 -0.0 0.0 0.24723168311830906 -0.5301900554164397 0.0
154.5 -0.0 -0.0 0.0 0.24723168311830993 -0.5301900554164416 0.0
155.5 -0.0 -0.0 0.0 0.24723168311830906 -0.5301900554164397 0.0
156.5 -0.0 -0.0 0.0 0.24723168311830906 -0.5301900554164397 0.0
157.5 -0.0 -0.0 0.0 0.24723168311830906 -0.5301900554164397 0.0
158.5 -0.0 -0.0 0.0 0.24723168311830993 -0.5301900554164416 0.0
159.5 -0.0 -0.0 0.0 0.24723168311830906 -0.5301900554164397 0.0
160.5 -0.0 -0.0 0.0 0.24723168311830906 -0.5301900554164397 0.0
161.5 -0.0 -0.0 0.0 0.24723168311830906 -0.5301900554164397 0.0
162.5 -0.0 -0.0 0.0 0.24723168311830993 -0.5301900554164416 0.0
163.5 -0.0 -0.0 0.0 0.24723168311830906 -0.5301900554164397 0.0
164.5 -0.0 -0.0 0.0 0.24723168311830906 -0.5301900554164397 0.0
165.5 -0.0 -0.0 0.0 0.24723168311830906 -0.5301900554164397 0.0
166.5 -0.0 -0.0 0.0 0.23772277222914354 -0.5097981302081156 0.0
167.5 -0.0 -0.0 0.0 0.23772277222914354 -0.5097981302081156 0.0
168.5 -0.0 -0.0 0.0 0.23772277222914354 -0.5097981302081156 0.0
169.5 -0.0 -0.0 0.0 0.23772277222914434 -0.5097981302081174 0.0
170.5 -0.0 -0.0 0.0 0.23772277222914354 -0.5097981302081156 0.0
171.5 -0.0 -0.0 0.0 0.23772277222914354 -0.5097981302081156 0.0
172.5 -0.0 -0.0 0.0 0.22821386133997798 -0.4894062049997914 0.0
173.5 -0.0 -0.0 0.0 0.2282138613399763 -0.48940620499978776 0.0
174.5 -0.0 -0.0 0.0 0.22821386133997798 -0.4894062049997914 0.0
175.5 -0.0 -0.0 0.0 0.22821386133997798 -0.4894062049997914 0.0
176.5 -0.0 -0.0 0.0 0.21870495045081245 -0.4690142797914672 0.0
177.5 -0.0 -0.0 0.0 0.21870495045081245 -0.4690142797914672 0.0
178.5 -0.0 -0.0 0.0 0.21870495045081076 -0.46901427979146354 0.0
179.5 -0.0 -0.0 0.0 0.21870495045081245 -0.4690142797914672 0.0
180.5 -0.0 -0.0 0.0 0.21870495045081245 -0.4690142797914672 0.0
181.5 -0.0 -0.0 0.0 0.21870495045081245 -0.4690142797914672 0.0
182.5 -0.0 -0.0 0.0 0.1996871286724797 -0.4282304293748152 0.0
183.5 -0.0 -0.0 0.0 0.19968712867248137 -0.42823042937481876 0.0
184.5 -0.0 -0.0 0.0 0.1996871286724797 -0.4282304293748152 0.0
185.5 -0.0 -0.0 0.0 0.19968712867248137 -0.42823042937481876 0.0
186.5 -0.0 -0.0 0.0 0.1996871286724797 -0.4282304293748152 0.0
187.5 -0.0 -0.0 0.0 0.19968712867248137 -0.42823042937481876 0.0
188.5 -0.0 -0.0 0.0 0.19017821778331415 -0.40783850416649103 0.0
189.5 -0.0 -0.0 0.0 0.1901782177833158 -0.40783850416649464 0.0
190.5 -0.0 -0.0 0.0 0.18066930689414862 -0.3874465789581668 0.0
191.5 -0.0 -0.0 0.0 0.18066930689414862 -0.3874465789581668 0.0
192.5 -0.0 -0.0 0.0 0.1806693068941503 -0.3874465789581705 0.0
193.5 -0.0 -0.0 0.0 0.18066930689414862 -0.3874465789581668 0.0
194.5 -0.0 -0.0 0.0 0.18066930689414862 -0.3874465789581668 0.0
195.5 -0.0 -0.0 0.0 0.18066930689414862 -0.3874465789581668 0.0
196.5 -0.0 -0.0 0.0 0.16165148511581756 -0.3466627285415185 0.0
197.5 -0.0 -0.0 0.0 0.16165148511581756 -0.3466627285415185 0.0
198.5 -0.0 -0.0 0.0 0.16165148511581756 -0.3466627285415185 0.0
199.5 -0.0 -0.0 0.0 0.16165148511581923 -0.3466627285415221 0.0
200.5 -0.0 -0.0 0.0 0.1521425742266503 -0.3262708033331906 0.0
201.5 -0.0 -0.0 0.0 0.15214257422665198 -0.32627080333319425 0.0
202.5 -0.0 -0.0 0.0 0.15214257422665198 -0.32627080333319425 0.0
203.5 -0.0 -0.0 0.0 0.15214257422665198 -0.32627080333319425 0.0
204.5 -0.0 -0.0 0.0 0.14263366333748642 -0.3058788781248701 0.0
205.5 -0.0 -0.0 0.0 0.14263366333748642 -0.3058788781248701 0.0
206.5 -0.0 -0.0 0.0 0.13312475244831923 -0.28548695291654225 0.0
207.5 -0.0 -0.0 0.0 0.13312475244832092 -0.28548695291654586 0.0
208.5 -0.0 -0.0 0.0 0.13312475244832092 -0.28548695291654586 0.0
209.5 -0.0 -0.0 0.0 0.13312475244832092 -0.28548695291654586 0.0
210.5 -0.0 -0.0 0.0 0.12361584155915369 -0.2650950277082181 0.0
211.5 -0.0 -0.0 0.0 0.12361584155915369 -0.2650950277082181 0.0
212.5 -0.0 -0.0 0.0 0.11410693066998985 -0.2447031024998975 0.0
213.5 -0.0 -0.0 0.0 0.11410693066998985 -0.2447031024998975 0.0
214.5 -0.0 -0.0 0.0 0.11410693066998646 -0.24470310249989025 0.0
215.5 -0.0 -0.0 0.0 0.11410693066998985 -0.2447031024998975 0.0
216.5 -0.0 -0.0 0.0 0.1045980197808226 -0.22431117729156969 0.0
217.5 -0.0 -0.0 0.0 0.10459801978082599 -0.22431117729157693 0.0
218.5 -0.0 -0.0 0.0 0.09508910889165538 -0.20391925208324188 0.0
219.5 -0.0 -0.0 0.0 0.09508910889165875 -0.20391925208324915 0.0
220.5 -0.0 -0.0 0.0 0.08558019800249153 -0.18352732687492132 0.0
221.5 -0.0 -0.0 0.0 0.08558019800249153 -0.18352732687492132 0.0
222.5 -0.0 -0.0 0.0 0.08558019800249153 -0.18352732687492132 0.0
223.5 -0.0 -0.0 0.0 0.08558019800249153 -0.18352732687492132 0.0
224.5 -0.0 -0.0 0.0 0.07607128711332431 -0.16313540166659352 0.0
225.5 -0.0 -0.0 0.0 0.07607128711332768 -0.16313540166660076 0.0
226.5 -0.0 -0.0 0.0 0.06656237622416046 -0.14274347645827293 0.0
227.5 -0.0 -0.0 0.0 0.06656237622416046 -0.14274347645827293 0.0
228.5 -0.0 -0.0 0.0 0.05705346533499323 -0.12235155124994512 0.0
229.5 -0.0 -0.0 0.0 0.05705346533499323 -0.12235155124994512 0.0
230.5 -0.0 -0.0 0.0 0.057053465334996604 -0.12235155124995238 0.0
231.5 -0.0 -0.0 0.0 0.05705346533499323 -0.12235155124994512 0.0
232.5 -0.0 -0.0 0.0 0.047544554445829376 -0.10195962604162458 0.0
233.5 -0.0 -0.0 0.0 0.047544554445829376 -0.10195962604162458 0.0
234.5 -0.0 -0.0 0.0 0.038035643556662155 -0.08156770083329676 0.0
235.5 -0.0 -0.0 0.0 0.038035643556662155 -0.08156770083329676 0.0
236.5 -0.0 -0.0 0.0 0.028526732667498302 -0.06117577562497619 0.0
237.5 -0.0 -0.0 0.0 0.028526732667498302 -0.06117577562497619 0.0
238.5 -0.0 -0.0 0.0 0.028526732667494923 -0.06117577562496894 0.0
239.5 -0.0 -0.0 0.0 0.028526732667498302 -0.06117577562497619 0.0
240.5 -0.0 -0.0 0.0 0.019017821778331077 -0.04078385041664838 0.0
241.5 -0.0 -0.0 0.0 0.019017821778331077 -0.04078385041664838 0.0
242.5 -0.0 -0.0 0.0 0.009508910889167228 -0.020391925208327808 0.0
243.5 -0.0 -0.0 0.0 0.009508910889163849 -0.020391925208320567 0.0
244.5 -0.0 -0.0 0.0 0.009508910889167228 -0.020391925208327808 0.0
245.5 -0.0 -0.0 0.0 0.009508910889163849 -0.020391925208320567 0.0
246.5 -0.0 -0.0 0.0 -0.009508910889163849 0.020391925208320567 0.0
247.5 -0.0 -0.0 0.0 -0.009508910889167228 0.020391925208327808 0.0
248.5 -0.0 -0.0 0.0 -0.009508910889163849 0.020391925208320567 0.0
249.5 -0.0 -0.0 0.0 -0.009508910889167228 0.020391925208327808 0.0
250.5 -0.0 -0.0 0.0 -0.019017821778331077 0.04078385041664838 0.0
251.5 -0.0 -0.0 0.0 -0.019017821778331077 0.04078385041664838 0.0
252.5 -0.0 -0.0 0.0 -0.028526732667498302 0.06117577562497619 0.0
253.5 -0.0 -0.0 0.0 -0.028526732667494923 0.06117577562496894 0.0
254.5 -0.0 -0.0 0.0 -0.028526732667498302 0.06117577562497619 0.0
255.5 -0.0 -0.0 0.0 -0.028526732667498302 0.06117577562497619 0.0
256.5 -0.0 -0.0 0.0 -0.038035643556662155 0.08156770083329676 0.0
257.5 -0.0 -0.0 0.0 -0.038035643556662155 0.08156770083329676 0.0
258.5 -0.0 -0.0 0.0 -0.047544554445829376 0.10195962604162458 0.0
259.5 -0.0 -0.0 0.0 -0.047544554445829376 0.10195962604162458 0.0
260.5 -0.0 -0.0 0.0 -0.05705346533499323 0.12235155124994512 0.0
261.5 -0.0 -0.0 0.0 -0.057053465334996604 0.12235155124995238 0.0
262.5 -0.0 -0.0 0.0 -0.05705346533499323 0.12235155124994512 0.0
263.5 -0.0 -0.0 0.0 -0.05705346533499323 0.12235155124994512 0.0
264.5 -0.0 -0.0 0.0 -0.06656237622416046 0.14274347645827293 0.0
265.5 -0.0 -0.0 0.0 -0.06656237622416046 0.14274347645827293 0.0
266.5 -0.0 -0.0 0.0 -0.07607128711332768 0.16313540166660076 0.0
267.5 -0.0 -0.0 0.0 -0.07607128711332431 0.16313540166659352 0.0
268.5 -0.0 -0.0 0.0 -0.08558019800249153 0.18352732687492132 0.0
269.5 -0.0 -0.0 0.0 -0.08558019800249153 0.18352732687492132 0.0
270.5 -0.0 -0.0 0.0 -0.08558019800249153 0.18352732687492132 0.0
271.5 -0.0 -0.0 0.0 -0.08558019800249153 0.18352732687492132 0.0
272.5 -0.0 -0.0 0.0 -0.09508910889165875 0.20391925208324915 0.0
273.5 -0.0 -0.0 0.0 -0.09508910889165538 0.20391925208324188 0.0
274.5 -0.0 -0.0 0.0 -0.10459801978082599 0.22431117729157693 0.0
275.5 -0.0 -0.0 0.0 -0.1045980197808226 0.22431117729156969 0.0
276.5 -0.0 -0.0 0.0 -0.11410693066998985 0.2447031024998975 0.0
277.5 -0.0 -0.0 0.0 -0.11410693066998646 0.24470310249989025 0.0
278.5 -0.0 -0.0 0.0 -0.11410693066998985 0.2447031024998975 0.0
279.5 -0.0 -0.0 0.0 -0.11410693066998985 0.2447031024998975 0.0
280.5 -0.0 -0.0 0.0 -0.12361584155915369 0.2650950277082181 0.0
281.5 -0.0 -0.0 0.0 -0.12361584155915369 0.2650950277082181 0.0
282.5 -0.0 -0.0 0.0 -0.12361584155915538 0.2650950277082217 0.0
283.5 -0.0 -0.0 0.0 -0.12361584155915538 0.2650950277082217 0.0
284.5 -0.0 -0.0 0.0 -0.14263366333748476 0.30587887812486647 0.0
285.5 -0.0 -0.0 0.0 -0.14263366333748642 0.3058788781248701 0.0
286.5 -0.0 -0.0 0.0 -0.14263366333748642 0.3058788781248701 0.0
287.5 -0.0 -0.0 0.0 -0.14263366333748642 0.3058788781248701 0.0
288.5 -0.0 -0.0 0.0 -0.14263366333748642 0.3058788781248701 0.0
289.5 -0.0 -0.0 0.0 -0.14263366333748476 0.30587887812486647 0.0
290.5 -0.0 -0.0 0.0 -0.16165148511581756 0.3466627285415185 0.0
291.5 -0.0 -0.0 0.0 -0.16165148511581756 0.3466627285415185 0.0
292.5 -0.0 -0.0 0.0 -0.15214257422665198 0.32627080333319425 0.0
293.5 -0.0 -0.0 0.0 -0.15214257422665198 0.32627080333319425 0.0
294.5 -0.0 -0.0 0.0 -0.17116039600498306 0.36705465374984264 0.0
295.5 -0.0 -0.0 0.0 -0.17116039600498476 0.3670546537498463 0.0
296.5 -0.0 -0.0 0.0 -0.17116039600498306 0.36705465374984264 0.0
297.5 -0.0 -0.0 0.0 -0.17116039600498306 0.36705465374984264 0.0
298.5 -0.0 -0.0 0.0 -0.18066930689414862 0.3874465789581668 0.0
299.5 -0.0 -0.0 0.0 -0.1806693068941503 0.3874465789581705 0.0
300.5 -0.0 -0.0 0.0 -0.18066930689414862 0.3874465789581668 0.0
301.5 -0.0 -0.0 0.0 -0.18066930689414862 0.3874465789581668 0.0
302.5 -0.0 -0.0 0.0 -0.19017821778331415 0.40783850416649103 0.0
303.5 -0.0 -0.0 0.0 -0.1901782177833158 0.40783850416649464 0.0
304.5 -0.0 -0.0 0.0 -0.1996871286724797 0.4282304293748152 0.0
305.5 -0.0 -0.0 0.0 -0.19968712867248137 0.42823042937481876 0.0
306.5 -0.0 -0.0 0.0 -0.1996871286724797 0.4282304293748152 0.0
307.5 -0.0 -0.0 0.0 -0.19968712867248137 0.42823042937481876 0.0
308.5 -0.0 -0.0 0.0 -0.1996871286724797 0.4282304293748152 0.0
309.5 -0.0 -0.0 0.0 -0.19968712867248137 0.42823042937481876 0.0
310.5 -0.0 -0.0 0.0 -0.2091960395616469 0.448622354583143 0.0
311.5 -0.0 -0.0 0.0 -0.2091960395616452 0.44862235458313937 0.0
312.5 -0.0 -0.0 0.0 -0.21870495045081245 0.4690142797914672 0.0
313.5 -0.0 -0.0 0.0 -0.21870495045081245 0.4690142797914672 0.0
314.5 -0.0 -0.0 0.0 -0.21870495045081245 0.4690142797914672 0.0
315.5 -0.0 -0.0 0.0 -0.21870495045081076 0.46901427979146354 0.0
316.5 -0.0 -0.0 0.0 -0.22821386133997798 0.4894062049997914 0.0
317.5 -0.0 -0.0 0.0 -0.22821386133997798 0.4894062049997914 0.0
318.5 -0.0 -0.0 0.0 -0.22821386133997798 0.4894062049997914 0.0
319.5 -0.0 -0.0 0.0 -0.22821386133997798 0.4894062049997914 0.0
320.5 -0.0 -0.0 0.0 -0.22821386133997798 0.4894062049997914 0.0
321.5 -0.0 -0.0 0.0 -0.22821386133997798 0.4894062049997914 0.0
322.5 -0.0 -0.0 0.0 -0.23772277222914268 0.5097981302081138 0.0
323.5 -0.0 -0.0 0.0 -0.23772277222914354 0.5097981302081156 0.0
324.5 -0.0 -0.0 0.0 -0.23772277222914354 0.5097981302081156 0.0
325.5 -0.0 -0.0 0.0 -0.23772277222914354 0.5097981302081156 0.0
326.5 -0.0 -0.0 0.0 -0.24723168311830906 0.5301900554164397 0.0
327.5 -0.0 -0.0 0.0 -0.24723168311830993 0.5301900554164416 0.0
328.5 -0.0 -0.0 0.0 -0.23772277222914354 0.5097981302081156 0.0
329.5 -0.0 -0.0 0.0 -0.23772277222914354 0.5097981302081156 0.0
330.5 -0.0 -0.0 0.0 -0.23772277222914354 0.5097981302081156 0.0
331.5 -0.0 -0.0 0.0 -0.23772277222914354 0.5097981302081156 0.0
332.5 -0.0 -0.0 0.0 -0.24723168311830906 0.5301900554164397 0.0
333.5 -0.0 -0.0 0.0 -0.24723168311830906 0.5301900554164397 0.0
334.5 -0.009508910889165731 -0.020391925208324627 0.0 -0.23772277222914354 0.5097981302081156 0.0
335.5 -0.009508910889165731 -0.020391925208324627 0.0 -0.23772277222914354 0.5097981302081156 0.0
336.5 -0.0 -0.0 0.0 -0.23772277222914354 0.5097981302081156 0.0
337.5 -0.0 -0.0 0.0 -0.23772277222914354 0.5097981302081156 0.0
338.5 -0.019017821778331463 -0.04078385041664925 0.0 -0.24723168311830948 0.5301900554164407 0.0
339.5 -0.01901782177833146 -0.040783850416649246 0.0 -0.24723168311830906 0.5301900554164397 0.0
340.5 -0.009508910889165738 -0.020391925208324644 0.0 -0.23772277222914354 0.5097981302081156 0.0
341.5 -0.009508910889165726 -0.020391925208324616 0.0 -0.23772277222914354 0.5097981302081156 0.0
342.5 -0.019017821778331463 -0.04078385041664926 0.0 -0.218704950450812 0.4690142797914663 0.0
343.5 -0.019017821778331452 -0.04078385041664923 0.0 -0.218704950450812 0.4690142797914663 0.0
344.5 -0.028526732667497192 -0.06117577562497388 0.0 -0.218704950450812 0.4690142797914663 0.0
345.5 -0.028526732667497192 -0.06117577562497388 0.0 -0.218704950450812 0.4690142797914663 0.0
346.5 -0.04754455444582866 -0.10195962604162317 0.0 -0.19968712867248095 0.4282304293748179 0.0
347.5 -0.04754455444582866 -0.10195962604162317 0.0 -0.19968712867248034 0.42823042937481653 0.0
348.5 -0.04754455444582864 -0.1019596260416231 0.0 -0.17116039600498328 0.3670546537498431 0.0
349.5 -0.04754455444582864 -0.1019596260416231 0.0 -0.1711603960049835 0.36705465374984353 0.0
350.5 -0.07607128711332585 -0.16313540166659704 0.0 -0.15214257422665176 0.32627080333319386 0.0
351.5 -0.07607128711332585 -0.16313540166659704 0.0 -0.15214257422665176 0.32627080333319386 0.0
352.5 -0.09508910889165728 -0.2039192520832462 0.0 -0.12361584155915474 0.26509502770822035 0.0
353.5 -0.09508910889165728 -0.2039192520832462 0.0 -0.12361584155915463 0.2650950277082201 0.0
354.5 -0.1236158415591545 -0.26509502770822013 0.0 -0.10459801978082314 0.22431117729157085 0.0
355.5 -0.1236158415591545 -0.26509502770822013 0.0 -0.10459801978082314 0.22431117729157085 0.0
356.5 -0.15214257422665162 -0.32627080333319386 0.0 -0.08558019800249164 0.18352732687492154 0.0
357.5 -0.1521425742266518 -0.3262708033331943 0.0 -0.08558019800249168 0.18352732687492168 0.0
358.5 -0.17116039600498312 -0.3670546537498432 0.0 -0.057053465334994447 0.12235155124994773 0.0
359.5 -0.17116039600498312 -0.3670546537498432 0.0 -0.057053465334994447 0.12235155124994773 0.0
360.5 -0.19017821778331456 -0.4078385041664924 0.0 -0.038035643556662994 0.08156770083329856 0.0
361.5 -0.19017821778331478 -0.40783850416649287 0.0 -0.03803564355666294 0.08156770083329846 0.0
362.5 -0.20919603956164584 -0.4486223545831412 0.0 -0.028526732667497223 0.061175775624973866 0.0
363.5 -0.20919603956164629 -0.4486223545831422 0.0 -0.028526732667497223 0.061175775624973866 0.0
364.5 -0.22821386133997731 -0.48940620499979054 0.0 -0.019017821778331497 0.04078385041664928 0.0
365.5 -0.22821386133997773 -0.4894062049997915 0.0 -0.01901782177833147 0.04078385041664923 0.0
366.5 -0.2377227722291433 -0.5097981302081157 0.0 -0.009508910889165749 0.02039192520832464 0.0
367.5 -0.2377227722291433 -0.5097981302081157 0.0 -0.009508910889165723 0.020391925208324585 0.0
368.5 -0.24723168311830881 -0.5301900554164398 0.0 -0.019017821778331497 0.04078385041664928 0.0
369.5 -0.24723168311830881 -0.5301900554164398 0.0 -0.01901782177833147 0.04078385041664923 0.0
370.5 -0.24723168311830962 -0.5301900554164416 0.0 -0.009508910889165749 0.02039192520832464 0.0
371.5 -0.24723168311830881 -0.5301900554164398 0.0 -0.009508910889165735 0.020391925208324616 0.0
372.5 -0.24723168311830881 -0.5301900554164398 0.0 -0.019017821778331487 0.04078385041664925 0.0
373.5 -0.24723168311830881 -0.5301900554164398 0.0 -0.019017821778331476 0.040783850416649246 0.0
374.5 -0.24723168311830962 -0.5301900554164416 0.0 -0.009508910889165743 0.020391925208324627 0.0
375.5 -0.24723168311830881 -0.5301900554164398 0.0 -0.009508910889165738 0.020391925208324623 0.0
376.5 -0.24723168311830881 -0.5301900554164398 0.0 -0.009508910889165742 0.020391925208324627 0.0
377.5 -0.24723168311830881 -0.5301900554164398 0.0 -0.009508910889165742 0.020391925208324627 0.0
378.5 -0.24723168311830962 -0.5301900554164416 0.0 0.0 -0.0 0.0
379.5 -0.24723168311830881 -0.5301900554164398 0.0 0.0 -0.0 0.0
380.5 -0.24723168311830881 -0.5301900554164398 0.0 0.0 -0.0 0.0
381.5 -0.24723168311830881 -0.5301900554164398 0.0 0.0 -0.0 0.0
382.5 -0.2377227722291433 -0.5097981302081157 0.0 0.0 -0.0 0.0
383.5 -0.2377227722291433 -0.5097981302081157 0.0 0.0 -0.0 0.0
384.5 -0.2377227722291433 -0.5097981302081157 0.0 0.0 -0.0 0.0
385.5 -0.23772277222914412 -0.5097981302081175 0.0 0.0 -0.0 0.0
386.5 -0.2377227722291433 -0.5097981302081157 0.0 0.0 -0.0 0.0
387.5 -0.2377227722291433 -0.5097981302081157 0.0 0.0 -0.0 0.0
388.5 -0.22821386133997773 -0.4894062049997915 0.0 0.0 -0.0 0.0
389.5 -0.22821386133997607 -0.4894062049997878 0.0 0.0 -0.0 0.0
390.5 -0.22821386133997773 -0.4894062049997915 0.0 0.0 -0.0 0.0
391.5 -0.22821386133997773 -0.4894062049997915 0.0 0.0 -0.0 0.0
392.5 -0.21870495045081223 -0.46901427979146726 0.0 0.0 -0.0 0.0
393.5 -0.21870495045081223 -0.46901427979146726 0.0 0.0 -0.0 0.0
394.5 -0.2187049504508105 -0.4690142797914636 0.0 0.0 -0.0 0.0
395.5 -0.21870495045081223 -0.46901427979146726 0.0 0.0 -0.0 0.0
396.5 -0.21870495045081223 -0.46901427979146726 0.0 0.0 -0.0 0.0
397.5 -0.21870495045081223 -0.46901427979146726 0.0 0.0 -0.0 0.0
398.5 -0.19968712867247948 -0.42823042937481526 0.0 0.0 -0.0 0.0
399.5 -0.19968712867248115 -0.42823042937481887 0.0 0.0 -0.0 0.0
400.5 -0.19968712867247948 -0.42823042937481526 0.0 0.0 -0.0 0.0
401.5 -0.19968712867248115 -0.42823042937481887 0.0 0.0 -0.0 0.0
402.5 -0.19968712867247948 -0.42823042937481526 0.0 0.0 -0.0 0.0
403.5 -0.19968712867248115 -0.42823042937481887 0.0 0.0 -0.0 0.0
404.5 -0.19017821778331395 -0.40783850416649103 0.0 0.0 -0.0 0.0
405.5 -0.19017821778331565 -0.40783850416649464 0.0 0.0 -0.0 0.0
406.5 -0.18066930689414845 -0.3874465789581668 0.0 0.0 -0.0 0.0
407.5 -0.18066930689414845 -0.3874465789581668 0.0 0.0 -0.0 0.0
408.5 -0.18066930689415012 -0.3874465789581705 0.0 0.0 -0.0 0.0
409.5 -0.18066930689414845 -0.3874465789581668 0.0 0.0 -0.0 0.0
410.5 -0.18066930689414845 -0.3874465789581668 0.0 0.0 -0.0 0.0
411.5 -0.18066930689414845 -0.3874465789581668 0.0 0.0 -0.0 0.0
412.5 -0.16165148511581734 -0.34666272854151853 0.0 0.0 -0.0 0.0
413.5 -0.16165148511581734 -0.34666272854151853 0.0 0.0 -0.0 0.0
414.5 -0.16165148511581734 -0.34666272854151853 0.0 0.0 -0.0 0.0
415.5 -0.16165148511581906 -0.34666272854152214 0.0 0.0 -0.0 0.0
416.5 -0.15214257422665015 -0.3262708033331907 0.0 0.0 -0.0 0.0
417.5 -0.1521425742266518 -0.3262708033331943 0.0 0.0 -0.0 0.0
418.5 -0.1521425742266518 -0.3262708033331943 0.0 0.0 -0.0 0.0
419.5 -0.1521425742266518 -0.3262708033331943 0.0 0.0 -0.0 0.0
420.5 -0.1426336633374863 -0.30587887812487013 0.0 0.0 -0.0 0.0
421.5 -0.1426336633374863 -0.30587887812487013 0.0 0.0 -0.0 0.0
422.5 -0.1331247524483191 -0.2854869529165423 0.0 0.0 -0.0 0.0
423.5 -0.13312475244832078 -0.2854869529165459 0.0 0.0 -0.0 0.0
424.5 -0.13312475244832078 -0.2854869529165459 0.0 0.0 -0.0 0.0
425.5 -0.13312475244832078 -0.2854869529165459 0.0 0.0 -0.0 0.0
426.5 -0.12361584155915355 -0.26509502770821813 0.0 0.0 -0.0 0.0
427.5 -0.12361584155915355 -0.26509502770821813 0.0 0.0 -0.0 0.0
428.5 -0.11410693066998973 -0.24470310249989752 0.0 0.0 -0.0 0.0
429.5 -0.11410693066998973 -0.24470310249989752 0.0 0.0 -0.0 0.0
430.5 -0.11410693066998634 -0.2447031024998903 0.0 0.0 -0.0 0.0
431.5 -0.11410693066998973 -0.24470310249989752 0.0 0.0 -0.0 0.0
432.5 -0.10459801978082249 -0.2243111772915697 0.0 0.0 -0.0 0.0
433.5 -0.10459801978082588 -0.22431117729157696 0.0 0.0 -0.0 0.0
434.5 -0.09508910889165528 -0.20391925208324188 0.0 0.0 -0.0 0.0
435.5 -0.09508910889165866 -0.20391925208324915 0.0 0.0 -0.0 0.0
436.5 -0.08558019800249145 -0.18352732687492135 0.0 0.0 -0.0 0.0
437.5 -0.08558019800249145 -0.18352732687492135 0.0 0.0 -0.0 0.0
438.5 -0.08558019800249145 -0.18352732687492135 0.0 0.0 -0.0 0.0
439.5 -0.08558019800249145 -0.18352732687492135 0.0 0.0 -0.0 0.0
440.5 -0.07607128711332424 -0.16313540166659354 0.0 0.0 -0.0 0.0
441.5 -0.0760712871133276 -0.1631354016666008 0.0 0.0 -0.0 0.0
442.5 -0.06656237622416039 -0.14274347645827296 0.0 0.0 -0.0 0.0
443.5 -0.06656237622416039 -0.14274347645827296 0.0 0.0 -0.0 0.0
444.5 -0.05705346533499317 -0.12235155124994515 0.0 0.0 -0.0 0.0
445.5 -0.05705346533499317 -0.12235155124994515 0.0 0.0 -0.0 0.0
446.5 -0.05705346533499655 -0.1223515512499524 0.0 0.0 -0.0 0.0
447.5 -0.05705346533499317 -0.12235155124994515 0.0 0.0 -0.0 0.0
448.5 -0.04754455444582933 -0.10195962604162458 0.0 0.0 -0.0 0.0
449.5 -0.04754455444582933 -0.10195962604162458 0.0 0.0 -0.0 0.0
450.5 -0.03803564355666212 -0.08156770083329677 0.0 0.0 -0.0 0.0
451.5 -0.03803564355666212 -0.08156770083329677 0.0 0.0 -0.0 0.0
452.5 -0.028526732667498274 -0.0611757756249762 0.0 0.0 -0.0 0.0
453.5 -0.028526732667498274 -0.0611757756249762 0.0 0.0 -0.0 0.0
454.5 -0.028526732667494895 -0.061175775624968946 0.0 0.0 -0.0 0.0
455.5 -0.028526732667498274 -0.0611757756249762 0.0 0.0 -0.0 0.0
456.5 -0.01901782177833106 -0.040783850416648386 0.0 0.0 -0.0 0.0
457.5 -0.01901782177833106 -0.040783850416648386 0.0 0.0 -0.0 0.0
458.5 -0.009508910889167216 -0.02039192520832781 0.0 0.0 -0.0 0.0
459.5 -0.009508910889163839 -0.02039192520832057 0.0 0.0 -0.0 0.0
460.5 -0.009508910889167216 -0.02039192520832781 0.0 0.0 -0.0 0.0
461.5 -0.009508910889163839 -0.02039192520832057 0.0 0.0 -0.0 0.0
462.5 0.009508910889163839 0.02039192520832057 0.0 0.0 -0.0 0.0
463.5 0.009508910889167216 0.02039192520832781 0.0 0.0 -0.0 0.0
464.5 0.009508910889163839 0.02039192520832057 0.0 0.0 -0.0 0.0
465.5 0.009508910889167216 0.02039192520832781 0.0 0.0 -0.0 0.0
466.5 0.01901782177833106 0.040783850416648386 0.0 0.0 -0.0 0.0
467.5 0.01901782177833106 0.040783850416648386 0.0 0.0 -0.0 0.0
468.5 0.028526732667498274 0.0611757756249762 0.0 0.0 -0.0 0.0
469.5 0.028526732667494895 0.061175775624968946 0.0 0.0 -0.0 0.0
470.5 0.028526732667498274 0.0611757756249762 0.0 0.0 -0.0 0.0
471.5 0.028526732667498274 0.0611757756249762 0.0 0.0 -0.0 0.0
472.5 0.03803564355666212 0.08156770083329677 0.0 0.0 -0.0 0.0
473.5 0.03803564355666212 0.08156770083329677 0.0 0.0 -0.0 0.0
474.5 0.04754455444582933 0.10195962604162458 0.0 0.0 -0.0 0.0
475.5 0.04754455444582933 0.10195962604162458 0.0 0.0 -0.0 0.0
476.5 0.05705346533499317 0.12235155124994515 0.0 0.0 -0.0 0.0
477.5 0.05705346533499655 0.1223515512499524 0.0 0.0 -0.0 0.0
478.5 0.05705346533499317 0.12235155124994515 0.0 0.0 -0.0 0.0
479.5 0.05705346533499317 0.12235155124994515 0.0 0.0 -0.0 0.0
480.5 0.06656237622416039 0.14274347645827296 0.0 0.0 -0.0 0.0
481.5 0.06656237622416039 0.14274347645827296 0.0 0.0 -0.0 0.0
482.5 0.0760712871133276 0.1631354016666008 0.0 0.0 -0.0 0.0
483.5 0.07607128711332424 0.16313540166659354 0.0 0.0 -0.0 0.0
484.5 0.08558019800249145 0.18352732687492135 0.0 0.0 -0.0 0.0
485.5 0.08558019800249145 0.18352732687492135 0.0 0.0 -0.0 0.0
486.5 0.08558019800249145 0.18352732687492135 0.0 0.0 -0.0 0.0
487.5 0.08558019800249145 0.18352732687492135 0.0 0.0 -0.0 0.0
488.5 0.09508910889165866 0.20391925208324915 0.0 0.0 -0.0 0.0
489.5 0.09508910889165528 0.20391925208324188 0.0 0.0 -0.0 0.0
490.5 0.10459801978082588 0.22431117729157696 0.0 0.0 -0.0 0.0
491.5 0.10459801978082249 0.2243111772915697 0.0 0.0 -0.0 0.0
492.5 0.11410693066998973 0.24470310249989752 0.0 0.0 -0.0 0.0
493.5 0.11410693066998634 0.2447031024998903 0.0 0.0 -0.0 0.0
494.5 0.11410693066998973 0.24470310249989752 0.0 0.0 -0.0 0.0
495.5 0.11410693066998973 0.24470310249989752 0.0 0.0 -0.0 0.0
496.5 0.12361584155915355 0.26509502770821813 0.0 0.0 -0.0 0.0
497.5 0.12361584155915355 0.26509502770821813 0.0 0.0 -0.0 0.0
498.5 0.12361584155915524 0.26509502770822174 0.0 0.0 -0.0 0.0
499.5 0.12361584155915524 0.26509502770822174 0.0 0.0 -0.0 0.0
500.5 0.14263366333748462 0.3058788781248665 0.0 0.0 -0.0 0.0
501.5 0.1426336633374863 0.30587887812487013 0.0 0.0 -0.0 0.0
502.5 0.1426336633374863 0.30587887812487013 0.0 0.0 -0.0 0.0
503.5 0.1426336633374863 0.30587887812487013 0.0 0.0 -0.0 0.0
504.5 0.1426336633374863 0.30587887812487013 0.0 0.0 -0.0 0.0
505.5 0.14263366333748462 0.3058788781248665 0.0 0.0 -0.0 0.0
506.5 0.16165148511581734 0.34666272854151853 0.0 0.0 -0.0 0.0
507.5 0.16165148511581734 0.34666272854151853 0.0 0.0 -0.0 0.0
508.5 0.1521425742266518 0.3262708033331943 0.0 0.0 -0.0 0.0
509.5 0.1521425742266518 0.3262708033331943 0.0 0.0 -0.0 0.0
510.5 0.1711603960049829 0.3670546537498427 0.0 0.0 -0.0 0.0
511.5 0.17116039600498456 0.36705465374984636 0.0 0.0 -0.0 0.0
512.5 0.1711603960049829 0.3670546537498427 0.0 0.0 -0.0 0.0
513.5 0.1711603960049829 0.3670546537498427 0.0 0.0 -0.0 0.0
514.5 0.18066930689414845 0.3874465789581668 0.0 0.0 -0.0 0.0
515.5 0.18066930689415012 0.3874465789581705 0.0 0.0 -0.0 0.0
516.5 0.18066930689414845 0.3874465789581668 0.0 0.0 -0.0 0.0
517.5 0.18066930689414845 0.3874465789581668 0.0 0.0 -0.0 0.0
518.5 0.19017821778331395 0.40783850416649103 0.0 0.0 -0.0 0.0
519.5 0.19017821778331565 0.40783850416649464 0.0 0.0 -0.0 0.0
520.5 0.19968712867247948 0.42823042937481526 0.0 0.0 -0.0 0.0
521.5 0.19968712867248115 0.42823042937481887 0.0 0.0 -0.0 0.0
522.5 0.19968712867247948 0.42823042937481526 0.0 0.0 -0.0 0.0
523.5 0.19968712867248115 0.42823042937481887 0.0 0.0 -0.0 0.0
524.5 0.19968712867247948 0.42823042937481526 0.0 0.0 -0.0 0.0
525.5 0.19968712867248115 0.42823042937481887 0.0 0.0 -0.0 0.0
526.5 0.20919603956164667 0.44862235458314303 0.0 0.0 -0.0 0.0
527.5 0.20919603956164498 0.4486223545831394 0.0 0.0 -0.0 0.0
528.5 0.21870495045081223 0.46901427979146726 0.0 0.0 -0.0 0.0
529.5 0.21870495045081223 0.46901427979146726 0.0 0.0 -0.0 0.0
530.5 0.21870495045081223 0.46901427979146726 0.0 0.0 -0.0 0.0
531.5 0.2187049504508105 0.4690142797914636 0.0 0.0 -0.0 0.0
532.5 0.22821386133997773 0.4894062049997915 0.0 0.0 -0.0 0.0
533.5 0.22821386133997773 0.4894062049997915 0.0 0.0 -0.0 0.0
534.5 0.22821386133997773 0.4894062049997915 0.0 0.0 -0.0 0.0
535.5 0.22821386133997773 0.4894062049997915 0.0 0.0 -0.0 0.0
536.5 0.22821386133997773 0.4894062049997915 0.0 0.0 -0.0 0.0
537.5 0.22821386133997773 0.4894062049997915 0.0 0.0 -0.0 0.0
538.5 0.23772277222914243 0.5097981302081138 0.0 0.0 -0.0 0.0
539.5 0.2377227722291433 0.5097981302081157 0.0 0.0 -0.0 0.0
540.5 0.2377227722291433 0.5097981302081157 0.0 0.0 -0.0 0.0
541.5 0.2377227722291433 0.5097981302081157 0.0 0.0 -0.0 0.0
542.5 0.24723168311830881 0.5301900554164398 0.0 0.0 -0.0 0.0
543.5 0.24723168311830962 0.5301900554164416 0.0 0.0 -0.0 0.0
544.5 0.2377227722291433 0.5097981302081157 0.0 0.0 -0.0 0.0
545.5 0.2377227722291433 0.5097981302081157 0.0 0.0 -0.0 0.0
546.5 0.2377227722291433 0.5097981302081157 0.0 0.0 -0.0 0.0
547.5 0.2377227722291433 0.5097981302081157 0.0 0.0 -0.0 0.0
548.5 0.24723168311830881 0.5301900554164398 0.0 0.0 -0.0 0.0
549.5 0.24723168311830881 0.5301900554164398 0.0 0.0 -0.0 0.0
550.5 0.2377227722291433 0.5097981302081157 0.0 0.0 -0.0 0.0
551.5 0.2377227722291433 0.5097981302081157 0.0 0.0 -0.0 0.0
552.5 0.2377227722291433 0.5097981302081157 0.0 0.0 -0.0 0.0
553.5 0.2377227722291433 0.5097981302081157 0.0 0.0 -0.0 0.0
554.5 0.24723168311830923 0.5301900554164407 0.0 0.0 -0.0 0.0
555.5 0.24723168311830881 0.5301900554164398 0.0 0.0 -0.0 0.0
556.5 0.2377227722291433 0.5097981302081157 0.0 0.0 -0.0 0.0
557.5 0.2377227722291433 0.5097981302081157 0.0 0.0 -0.0 0.0
558.5 0.21870495045081179 0.4690142797914664 0.0 0.0 -0.0 0.0
559.5 0.21870495045081179 0.4690142797914664 0.0 0.0 -0.0 0.0
560.5 0.21870495045081179 0.4690142797914664 0.0 0.0 -0.0 0.0
561.5 0.21870495045081179 0.4690142797914664 0.0 0.0 -0.0 0.0
562.5 0.19968712867248076 0.428230429374818 0.0 0.0 -0.0 0.0
563.5 0.1996871286724801 0.4282304293748166 0.0 0.0 -0.0 0.0
564.5 0.17116039600498312 0.3670546537498432 0.0 0.0 -0.0 0.0
565.5 0.1711603960049833 0.3670546537498436 0.0 0.0 -0.0 0.0
566.5 0.15214257422665162 0.32627080333319386 0.0 0.0 -0.0 0.0
567.5 0.15214257422665162 0.32627080333319386 0.0 0.0 -0.0 0.0
568.5 0.12361584155915462 0.26509502770822035 0.0 0.0 -0.0 0.0
569.5 0.1236158415591545 0.26509502770822013 0.0 0.0 -0.0 0.0
570.5 0.10459801978082303 0.22431117729157085 0.0 0.0 -0.0 0.0
571.5 0.10459801978082303 0.22431117729157085 0.0 0.0 -0.0 0.0
572.5 0.08558019800249156 0.1835273268749216 0.0 0.0 -0.0 0.0
573.5 0.0855801980024916 0.18352732687492168 0.0 0.0 -0.0 0.0
574.5 0.057053465334994384 0.12235155124994776 0.0 0.0 -0.0 0.0
575.5 0.057053465334994384 0.12235155124994776 0.0 0.0 -0.0 0.0
576.5 0.03803564355666295 0.08156770083329858 0.0 0.0 -0.0 0.0
577.5 0.038035643556662904 0.08156770083329846 0.0 0.0 -0.0 0.0
578.5 0.028526732667497192 0.06117577562497388 0.0 0.0 -0.0 0.0
579.5 0.028526732667497192 0.06117577562497388 0.0 0.0 -0.0 0.0
580.5 0.019017821778331476 0.04078385041664929 0.0 0.0 -0.0 0.0
581.5 0.019017821778331452 0.04078385041664923 0.0 0.0 -0.0 0.0
582.5 0.009508910889165738 0.020391925208324644 0.0 0.0 -0.0 0.0
583.5 0.009508910889165712 0.020391925208324585 0.0 0.0 -0.0 0.0
584.5 0.019017821778331476 0.04078385041664929 0.0 0.0 -0.0 0.0
585.5 0.019017821778331452 0.04078385041664923 0.0 0.0 -0.0 0.0
586.5 0.009508910889165738 0.020391925208324644 0.0 0.0 -0.0 0.0
587.5 0.009508910889165726 0.020391925208324616 0.0 0.0 -0.0 0.0
588.5 0.019017821778331463 0.04078385041664926 0.0 0.0 -0.0 0.0
589.5 0.01901782177833146 0.040783850416649246 0.0 0.0 -0.0 0.0
590.5 0.009508910889165731 0.02039192520832463 0.0 0.0 -0.0 0.0
591.5 0.00950891088916573 0.020391925208324623 0.0 0.0 -0.0 0.0
592.5 0.009508910889165731 0.020391925208324627 0.0 0.0 -0.0 0.0
593.5 0.009508910889165731 0.020391925208324627 0.0 0.0 -0.0 0.0
594.5 -0.0 -0.0 0.0 0.0 -0.0 0.0
595.5 -0.0 -0.0 0.0 0.0 -0.0 0.0
596.5 -0.0 -0.0 0.0 0.0 -0.0 0.0
597.5 -0.0 -0.0 0.0 0.0 -0.0 0.0
598.5 -0.0 -0.0 0.0 0.0 -0.0 0.0
599.5 -0.0 -0.0 0.0 0.0 -0.0 0.0
600.5 -0.0 -0.0 0.0 0.0 -0.0 0.0
601.5 -0.0 -0.0 0.0 0.0 -0.0 0.0
602.5 -0.0 -0.0 0.0 0.0 -0.0 0.0
603.5 -0.0 -0.0 0.0 0.0 -0.0 0.0
604.5 -0.0 -0.0 0.0 0.0 -0.0 0.0
605.5 -0.0 -0.0 0.0 0.0 -0.0 0.0
606.5 -0.0 -0.0 0.0 0.0 -0.0 0.0
607.5 -0.0 -0.0 0.0 0.0 -0.0 0.0
608.5 -0.0 -0.0 0.0 0.0 -0.0 0.0
609.5 -0.0 -0.0 0.0 0.0 -0.0 0.0
610.5 -0.0 -0.0 0.0 0.0 -0.0 0.0
611.5 -0.0 -0.0 0.0 0.0 -0.0 0.0
612.5 -0.0 -0.0 0.0 0.0 -0.0 0.0
613.5 -0.0 -0.0 0.0 0.0 -0.0 0.0
614.5 -0.0 -0.0 0.0 0.0 -0.0 0.0
615.5 -0.0 -0.0 0.0 0.0 -0.0 0.0
616.5 -0.0 -0.0 0.0 0.0 -0.0 0.0
617.5 -0.0 -0.0 0.0 0.0 -0.0 0.0
618.5 -0.0 -0.0 0.0 0.0 -0.0 0.0
619.5 -0.0 -0.0 0.0 0.0 -0.0 0.0
620.5 -0.0 -0.0 0.0 0.0 -0.0 0.0
621.5 -0.0 -0.0 0.0 0.0 -0.0 0.0
622.5 -0.0 -0.0 0.0 0.0 -0.0 0.0
623.5 -0.0 -0.0 0.0 0.0 -0.0 0.0
624.5 -0.0 -0.0 0.0 0.0 -0.0 0.0
625.5 -0.0 -0.0 0.0 0.0 -0.0 0.0
626.5 -0.0 -0.0 0.0 0.0 -0.0 0.0
627.5 -0.0 -0.0 0.0 0.0 -0.0 0.0
628.5 -0.0 -0.0 0.0 0.0 -0.0 0.0
629.5 -0.0 -0.0 0.0 0.0 -0.0 0.0
630.5 -0.0 -0.0 0.0 0.0 -0.0 0.0
631.5 -0.0 -0.0 0.0 0.0 -0.0 0.0
632.5 -0.0 -0.0 0.0 0.0 -0.0 0.0
633.5 -0.0 -0.0 0.0 0.0 -0.0 0.0
634.5 -0.0 -0.0 0.0 0.0 -0.0 0.0
635.5 -0.0 -0.0 0.0 0.0 -0.0 0.0
636.5 -0.0 -0.0 0.0 0.0 -0.0 0.0
637.5 -0.0 -0.0 0.0 0.0 -0.0 0.0
638.5 -0.0 -0.0 0.0 0.0 -0.0 0.0
639.5 -0.0 -0.0 0.0 0.0 -0.0 0.0
640.5 -0.0 -0.0 0.0 0.0 -0.0 0.0
641.5 -0.0 -0.0 0.0 0.0 -0.0 0.0
642.5 -0.0 -0.0 0.0 0.0 -0.0 0.0
643.5 -0.0 -0.0 0.0 0.0 -0.0 0.0
644.5 -0.0 -0.0 0.0 0.0 -0.0 0.0
645.5 -0.0 -0.0 0.0 0.0 -0.0 0.0
646.5 -0.0 -0.0 0.0 0.0 -0.0 0.0
647.5 -0.0 -0.0 0.0 0.0 -0.0 0.0
648.5 -0.0 -0.0 0.0 0.0 -0.0 0.0
649.5 -0.0 -0.0 0.0 0.0 -0.0 0.0
650.5 -0.0 -0.0 0.0 0.0 -0.0 0.0
651.5 -0.0 -0.0 0.0 0.0 -0.0 0.0
652.5 -0.0 -0.0 0.0 0.0 -0.0 0.0
653.5 -0.0 -0.0 0.0 0.0 -0.0 0.0
654.5 -0.0 -0.0 0.0 0.0 -0.0 0.0
655.5 -0.0 -0.0 0.0 0.0 -0.0 0.0
656.5 -0.0 -0.0 0.0 0.0 -0.0 0.0
657.5 -0.0 -0.0 0.0 0.0 -0.0 0.0
658.5 -0.0 -0.0 0.0 0.0 -0.0 0.0
659.5 -0.0 -0.0 0.0 0.0 -0.0 0.0
660.5 -0.0 -0.0 0.0 0.0 -0.0 0.0
661.5 -0.0 -0.0 0.0 0.0 -0.0 0.0
662.5 -0.0 -0.0 0.0 0.0 -0.0 0.0
663.5 -0.0 -0.0 0.0 0.0 -0.0 0.0
664.5 -0.0 -0.0 0.0 0.0 -0.0 0.0
665.5 -0.0 -0.0 0.0 0.0 -0.0 0.0
666.5 -0.0 -0.0 0.0 0.0 -0.0 0.0
667.5 -0.0 -0.0 0.0 0.0 -0.0 0.0
668.5 -0.0 -0.0 0.0 0.0 -0.0 0.0
669.5 -0.0 -0.0 0.0 0.0 -0.0 0.0
670.5 -0.0 -0.0 0.0 0.0 -0.0 0.0
671.5 -0.0 -0.0 0.0 0.0 -0.0 0.0
672.5 -0.0 -0.0 0.0 0.0 -0.0 0.0
673.5 -0.0 -0.0 0.0 0.0 -0.0 0.0
674.5 -0.0 -0.0 0.0 0.0 -0.0 0.0
675.5 -0.0 -0.0 0.0 0.0 -0.0 0.0
676.5 -0.0 -0.0 0.0 0.0 -0.0 0.0
677.5 -0.0 -0.0 0.0 0.0 -0.0 0.0
678.5 -0.0 -0.0 0.0 0.0 -0.0 0.0
679.5 -0.0 -0.0 0.0 0.0 -0.0 0.0
680.5 -0.0 -0.0 0.0 0.0 -0.0 0.0
681.5 -0.0 -0.0 0.0 0.0 -0.0 0.0
682.5 -0.0 -0.0 0.0 0.0 -0.0 0.0
683.5 -0.0 -0.0 0.0 0.0 -0.0 0.0
684.5 -0.0 -0.0 0.0 0.0 -0.0 0.0
685.5 -0.0 -0.0 0.0 0.0 -0.0 0.0
686.5 -0.0 -0.0 0.0 0.0 -0.0 0.0
687.5 -0.0 -0.0 0.0 0.0 -0.0 0.0
688.5 -0.0 -0.0 0.0 0.0 -0.0 0.0
689.5 -0.0 -0.0 0.0 0.0 -0.0 0.0
690.5 -0.0 -0.0 0.0 0.0 -0.0 0.0
691.5 -0.0 -0.0 0.0 0.0 -0.0 0.0
692.5 -0.0 -0.0 0.0 0.0 -0.0 0.0
693.5 -0.0 -0.0 0.0 0.0 -0.0 0.0
694.5 -0.0 -0.0 0.0 0.0 -0.0 0.0
695.5 -0.0 -0.0 0.0 0.0 -0.0 0.0
696.5 -0.0 -0.0 0.0 0.0 -0.0 0.0
697.5 -0.0 -0.0 0.0 0.0 -0.0 0.0
698.5 -0.0 -0.0 0.0 0.0 -0.0 0.0
699.5 -0.0 -0.0 0.0 0.0 -0.0 0.0
700.5 -0.0 -0.0 0.0 0.0 -0.0 0.0
701.5 -0.0 -0.0 0.0 0.0 -0.0 0.0
702.5 -0.0 -0.0 0.0 0.0 -0.0 0.0
703.5 -0.0 -0.0 0.0 0.0 -0.0 0.0
704.5 -0.0 -0.0 0.0 0.0 -0.0 0.0
705.5 -0.0 -0.0 0.0 0.0 -0.0 0.0
706.5 -0.0 -0.0 0.0 0.0 -0.0 0.0
707.5 -0.0 -0.0 0.0 0.0 -0.0 0.0
708.5 -0.0 -0.0 0.0 0.0 -0.0 0.0
709.5 -0.0 -0.0 0.0 0.0 -0.0 0.0
710.5 -0.0 -0.0 0.0 0.0 -0.0 0.0
711.5 -0.0 -0.0 0.0 0.0 -0.0 0.0
712.5 -0.0 -0.0 0.0 0.0 -0.0 0.0
713.5 -0.0 -0.0 0.0 0.0 -0.0 0.0
714.5 -0.0 -0.0 0.0 0.0 -0.0 0.0
715.5 -0.0 -0.0 0.0 0.0 -0.0 0.0
716.5 -0.0 -0.0 0.0 0.0 -0.0 0.0
717.5 -0.0 -0.0 0.0 0.0 -0.0 0.0
718.5 -0.0 -0.0 0.0 0.0 -0.0 0.0
719.5 -0.0 -0.0 0.0 0.0 -0.0 0.0
